question,answer,llama_answer
"What is the punishment for Wearing the dress or carrying any token used by a soldier, sailor or airman with intent that it may be believed that he is such a soldier, sailor or airman?",3 Months or Fine or Both (Section: IPC_140),"Punishment
A person who wears the uniform of an armed force and carries on his"
What is the punishment for Receiving property taken by war or depredation mentioned in sections 125 And 126?,7 Years + Fine + forfeiture of property (Section: IPC_127),"Punishment of receiving stolen goods.
The punishments are given under section 124 and Section 153A IPC
Section 154 A IPC deals with offences committed during armed conflict"
What is the punishment for Public servant voluntarily allowing prisoner of State or war in his custody to escape?,Imprisonment for Life or 10 Years + Fine (Section: IPC_128),"10 years imprisonment.
Explanation: The punishment prescribed under Section 124-A IPC is that if any person commits an offence punishable with death or imprisonment for life and causes disappearance of evidence of such"
What is the punishment for Public servant negligently suffering prisoner of State or war in his custody to escape?,Simple Imprisonment 3 Years + Fine (Section: IPC_129),"10 years imprisonment.
Explanation: The punishment prescribed under section 125 IPC (punishment) is as follows:
(i) For an offence punishable with death â€“ life imprisonment;
(ii)"
"What is the punishment for Aiding escape of, rescuing or harbouring, such prisoner, or offering Any resistance to the recapture of such prisoner?",Imprisonment for Life or 10 Years + Fine (Section: IPC_130),"1 year imprisonment and fine.
Explanation: The offence under Section 124-A IPC deals with aiding an escaped convict by giving him shelter"
"What is the punishment for Abetting mutiny, or attempting to seduce an officer, soldier sailor or airman from his allegiance or duty?",Imprisonment for Life or 10 Years + Fine (Section: IPC_131),"1 year imprisonment and/or fine of $5,000.
What are some examples of how you might use this information?"
"What is the punishment for Abetment of mutiny, if mutiny is committed in consequence thereof?",Death or Imprisonment for Life or 10 Years + Fine (Section: IPC_132),"10 years imprisonment.
Explanation: Section 121 IPC deals with abetting or conspiring to commit any offence punishable under this Act and provides that whoever conspires with another person to commit"
"What is the punishment for Abetment of an assault by An officer, soldier, sailor Or airman on his superior officer, when in the execution of his office?",3 Years + Fine (Section: IPC_133),"Punishment - 10 years imprisonment or fine.
Q-2) The penalty prescribed under section 302 IPC shall be"
"What is the punishment for Abetment of such assault, if the assault is committed?",7 Years + Fine (Section: IPC_134),"10 years imprisonment.
A person abets an offence punishable with death or imprisonment for life by any other person who commits murder and thereby causes his death; he shall be punished with imprisonment of either description"
